NumPoints,Dimension,Average Weight,NumTrials,Execution Time,Maximum MST Weight
256,3,27.562836444432556,5,0.015334599994821474,0.21627549299180562
