NumPoints,Dimension,Average Weight,NumTrials,Execution Time,Maximum MST Weight
16384,2,83.08427574223106,5,170.95900680000778,0.014921370332381617
