NumPoints,Dimension,Average Weight,NumTrials,Execution Time,Maximum MST Weight
128,3,17.471253623930178,5,0.004619999998249113,0.26963968421099177
