NumPoints,Dimension,Average Weight,NumTrials,Execution Time,Maximum MST Weight
64,4,17.5478690145459,5,0.0009393999964231626,0.47206264717567087
