NumPoints,Dimension,Average Weight,NumTrials,Execution Time,Maximum MST Weight
1024,3,68.01016815827657,5,0.351470999995945,0.1418059933850586
