NumPoints,Dimension,Average Weight,NumTrials,Execution Time
32,0,1.1108347881914895,5,0.00025620000378694384
