NumPoints,Dimension,Average Weight,NumTrials,Execution Time,Maximum MST Weight
8192,4,602.9328090265727,5,34.407211400003874,0.1463901486936304
