NumPoints,Dimension,Average Weight,NumTrials,Execution Time,Maximum MST Weight
16384,0,1.191217493974762,5,176.2881081999978,0.0005982778343920136
