NumPoints,Dimension,Average Weight,NumTrials,Execution Time,Maximum MST Weight
16384,4,1008.6100534085567,5,171.94519259999507,0.12789856260204502
