NumPoints,Dimension,Average Weight,NumTrials,Execution Time,Maximum MST Weight
64,3,11.450629639398029,5,0.001607399992644787,0.32497836073354175
