NumPoints,Dimension,Average Weight,NumTrials,Execution Time,Maximum MST Weight
8192,3,267.40196013709766,5,32.98120979999076,0.07660964380439736
