NumPoints,Dimension,Average Weight,NumTrials,Execution Time,Maximum MST Weight
4096,3,169.2948522128579,5,6.746170799998799,0.09380812485066584
