NumPoints,Dimension,Average Weight,NumTrials,Execution Time,Maximum MST Weight
128,4,28.53274729485879,5,0.003482800000347197,0.38515953304095757
