NumPoints,Dimension,Average Weight,NumTrials,Execution Time,Maximum MST Weight
512,4,78.33319482693369,5,0.061289000004762784,0.297252942842734
