NumPoints,Dimension,Average Weight,NumTrials,Execution Time,Maximum MST Weight
32,3,7.094715593312236,5,0.0002514000050723553,0.44955434794219334
