NumPoints,Dimension,Average Weight,NumTrials,Execution Time,Maximum MST Weight
512,3,43.30391736895917,5,0.07151500000618398,0.19881951901480396
