NumPoints,Dimension,Average Weight,NumTrials,Execution Time,Maximum MST Weight
2048,3,107.14777872395425,5,1.5095333999954164,0.12104520377964788
