NumPoints,Dimension,Average Weight,NumTrials,Execution Time
32,2,3.9858069434293544,5,0.00025860000168904663
