NumPoints,Dimension,Average Weight,NumTrials,Execution Time,Maximum MST Weight
256,4,47.36368616143292,5,0.01504760000098031,0.3507477942009465
